{
  "state_upload": {
    "cmdForm": "818A8B96",
    "needChecksum": false,
    "responseCount": 1
  },
  "bright_value_v2": {
    "cmdForm": "3b010000{value}00{value}{delay}{delay}{delay}{gradient}{gradient}",
    "needChecksum": true
  },
  "switch_led": {
    "cmdForm": "71{open}0f",
    "needChecksum": true
  },
  "switch_led_v2": {
    "cmdForm": "3b{open}0000000000{gradient}{gradient}{gradient}{delay}{delay}",
    "needChecksum": true
  },
  "symp_app_volume": {
    "cmdForm": "74{volume}",
    "needChecksum": true
  },
  "symp_get_mic_info": {
    "cmdForm": "720072",
    "needChecksum": false
  },
  "symp_scene_v2": {
    "cmdForm": "42{model}{speed}{bright}",
    "needChecksum": true
  },
  "twinkle_data": {
    "cmdForm": "3A{exeType}{exeValue}{exeValue}{exeValue}{lightTime}{slakeTime}{count}{finishState}{transitionTime}",
    "needChecksum": true
  },
  "music_data_v2": {
    "cmdForm": "36{exeType}{exeValue}{exeValue}{exeValue}{volume}{transitionTime}{transitionTime}",
    "needChecksum": true
  },
  "get_timer_list": {
    "cmdForm": "222a2b",
    "needSetOnline": true,
    "needChecksum": true,
    "responseCount": 88
  },
  "get_custom": {
    "cmdForm": "525a5b",
    "needSetOnline": true,
    "needChecksum": true,
    "responseCount": 70
  },
  "get_time": {
    "cmdForm": "111a1b",
    "needSetOnline": true,
    "needChecksum": true,
    "responseCount": 12
  },
  "get_mic_info": {
    "cmdForm": "7200",
    "needSetOnline": true,
    "needChecksum": true,
    "responseCount": 5
  },
  "get_mic_info_v2": {
    "cmdForm": "7500",
    "needSetOnline": true,
    "needChecksum": true,
    "responseCount": 66
  },
  "get_symp_fixed_data": {
    "cmdForm": "444a4b",
    "needSetOnline": true,
    "needChecksum": true,
    "responseCount": 14
  },
  "get_symp_config_v2": {
    "cmdForm": "631221f0",
    "needChecksum": true,
    "responseCount": 14
  },
  "sdd_get_colour_data": {
    "cmdForm": "b0babb",
    "needChecksum": true,
    "responseCount": 1
  },
  "set_time": {
    "cmdForm": "1014{year}{month}{day}{hour}{minute}{sec}{week}00",
    "needSetOnline": true,
    "needChecksum": true
  },
  "get_lver": {
    "cmdForm": "41542b4c5645520d",
    "ATCmd": true
  },
  "reset": {
    "cmdForm": "41542b52454c440d",
    "ATCmd": true
  },
  "candle_data": {
    "cmdForm": "39{exeType}{exeValue}{exeValue}{exeValue}{speed}{bright}{extent}",
    "needChecksum": true
  },
  "scene_data_v2": {
    "cmdForm": "38{model}{speed}{bright}",
    "needChecksum": true
  },
  "temp_value_v2": {
    "cmdForm": "3bb1000000{cct}{bright}00001e0000",
    "needChecksum": true
  },
  "function_inquiry": {
    "cmdForm": "2b2c2d",
    "needChecksum": true
  },
  "switch_led_v3": {
    "cmdForm": "e001{preview}3b{open}0000000000{gradient}{gradient}{gradient}{delay}{delay}",
    "needChecksum": false
  },
  "scene_data_v3": {
    "cmdForm": "e002{preview}{model}{speed}{bright}",
    "needChecksum": false
  },
  "fall_asleep_inquire": {
    "cmdForm": "e00a",
    "needChecksum": false,
    "responseCount": 1
  },
  "wake_up_inquire": {
    "cmdForm": "e008",
    "needChecksum": false,
    "responseCount": 1
  },
  "get_timer_list_v2": {
    "cmdForm": "e006",
    "needChecksum": false,
    "responseCount": 1
  },
  "state_upload_v2": {
    "cmdForm": "ea818a8b",
    "needChecksum": false,
    "responseCount": 1
  },
  "countdown": {
    "cmdForm": "e00d",
    "needChecksum": false,
    "responseCount": 1
  }
}